,time,intst1.bond_1,intst1.bond_2,intst1.bond_3,intst2.bond_1,intst2.bond_2,intst2.bond_3,intst3.bond_1,intst3.bond_2,intst3.bond_3,intst4.bond_1,intst4.bond_2,intst4.bond_3,intst5.bond_1,intst5.bond_2,intst5.bond_3,intst6.bond_1,intst6.bond_2,intst6.bond_3,intst7.bond_1,intst7.bond_2,intst7.bond_3,intst8.bond_1,intst8.bond_2,intst8.bond_3,intst9.bond_1,intst9.bond_2,intst9.bond_3,intst10.bond_1,intst10.bond_2,intst10.bond_3,intst11.bond_1,intst11.bond_2,intst11.bond_3
0,4.000000011925623,0.23003674714925681,0.2838685576918918,0.5167515697780312,0.18288452438205693,0.20479798362536616,0.3389199313211444,0.022554691017538264,0.249057832381391,0.37409760252343327,-0.13635710956438585,-0.13632577059607476,0.4859884843469193,-0.2347745129316614,0.03774895645251908,0.012125187131533988,-0.4117188208770326,0.05355406799158935,0.2225124437803494,0.18804243015673627,0.22833573269617702,0.2260169695949692,-0.0584687275446667,0.0034256879404930274,0.19753446830015964,-0.08720272747138402,0.042394425847009476,0.18679805432284446,0.11602704286633347,0.179598094293143,0.12193742725336598,-0.020716747854881312,-0.11200165432993581,0.3861368317956875
1,204.0000006082068,0.04785284156576308,0.16058223512663883,-0.20829187840964414,0.07784128673566926,0.21302626041378492,0.3215496283808039,0.14527429913726486,0.2632601539767512,-0.23000433121295272,-0.013004700738303399,0.14676682938397967,0.36274655625413166,-0.26690959468420505,0.17215227314171333,0.28415940136503615,0.5487454949135397,0.14382143331081298,0.39729517949202364,0.21056928001352615,-0.12954287594071667,-0.22573481060847111,-0.060736327952918945,0.17933862156040048,0.5151156314989946,0.08078984771143016,0.338497194481564,0.43159548541877957,-0.35417659184221684,0.03829888511240709,-0.2181042790635206,-0.14484042452858947,0.12415836909489952,0.48463205773224116
2,404.00000120448794,-6.23976303084639e-05,0.19449147974904113,0.17708975376514813,0.03685329435364704,0.09924952563316625,-0.4122448054417205,-0.5122001456961707,-0.19167561092897767,-0.033368109596006335,0.0561288411034635,-0.288792772844908,0.3814065136091722,0.17966435103500933,-0.09690018219986163,0.049424769687161696,-0.06612678245709791,0.15107042328792053,0.19755154671466713,-0.19121454005025296,0.15739005336383016,0.5210960892820116,-0.06721135515598631,0.2687140662946663,-0.2623791453976718,-0.08983843812801506,0.35024272084813557,-0.36136183252987575,-0.22682568287433824,-0.18129236323817022,-0.2327543571737749,-0.22259957107996886,0.2216786466381908,0.22728337736971316
3,604.000001800769,0.014546633103578621,-0.046252007020564534,0.40128646065289875,0.3178335253461517,0.14294642813565694,-0.3267370202873616,0.3421345222986347,0.06049316719712694,-0.30167513539311086,0.006617904277357312,-0.13189605641669466,0.014011345497662031,-0.12771000476286254,0.10830631470092733,0.5411639997324298,0.4127524354335552,0.15811110368128878,0.04631476322149286,-0.23881805791591404,-0.16682966032721058,-0.30387037673600936,-0.24482796956748842,-0.286204684655325,-0.06871919998398823,-0.4099351212225728,0.061689192203680854,-0.28812438685838115,0.13220945818111396,-0.31557192730921013,-0.12616901900176103,-0.16931508772261017,0.2772882632120637,0.4874735171644229
4,804.0000023970503,0.385793164227739,0.24414732155276786,0.40063656173518236,0.0855233032469691,-0.021502889729734687,-0.35755463456894,0.372158581148216,-0.2156467038685177,0.13364686754510613,0.5397596096102921,0.3374300738123215,0.07299339070490829,-0.3330667287727036,0.08699445891687496,-0.28407084564063023,-0.0720068018265958,-0.10159601863450085,0.07583797494561306,-0.2308962327238091,0.08739232020847298,-0.40169760286624423,-0.20120382018494265,-0.011196331832195039,-0.3969038930381714,-0.3988064522968573,0.2029889951832171,-0.03166296044601147,0.1470728591772601,-0.1803005669532034,-0.36323183379726,-0.4423736745695659,-0.06971157220987623,0.5016187875871227
5,1004.0000029933315,-0.4490692201894815,0.09466894654694968,0.1137686280575676,-0.36500230180484294,-0.048239101607124635,-0.03041490229810062,0.20540806308941795,-0.08157004024731229,-0.2590879946061668,0.17071765310957554,-0.24892891973083708,-0.023393921161354303,0.017482549864382246,0.13122774369020318,-0.41175657713785796,0.17855879008347086,-0.3195347196527718,0.21612604865339602,0.5492033730553065,0.23541740734911132,0.15560378348009962,-0.43024514932132263,-0.10529529558478101,-0.4632947583886151,-0.056704326693165275,0.20185111904221298,0.08909568160024106,0.25930234459267787,0.03211660637952507,-0.40190082487143264,-0.24778845953229833,-0.08358484198444094,0.09390040817514578
6,1204.0000035896126,-0.27283428834587253,0.1848930477946915,-0.33376604231492024,-0.25310682133853835,0.0533498184692216,0.5736765536618535,0.45850742207440565,-0.15059400655635846,-0.2911184116501331,0.5506771467874172,0.03992985527154902,-0.4349379549488459,0.14264206230334153,-0.024735820661520247,-0.4117490333377891,0.1509395769507118,0.30256915750890245,-0.12491680011269146,-0.02535884260731347,-0.2596757568478767,0.21366191724056316,-0.0442190681244381,0.026258662133531008,-0.27284187196028276,-0.2938579112004258,0.005487718488176085,-0.18145446161200374,0.12127883149403962,-0.39166802947035717,-0.22378813956951316,-0.1813653046133643,0.25860646387322594,0.46490325975731883
7,1404.0000041858937,0.19325759028531664,0.3184016594864256,-0.2419739020460634,-0.2774236247818722,0.09665907091329418,-0.36664162425607527,0.11946411448835148,-0.33687463203980994,-0.35341635436917107,0.48312740439406987,-0.1541725781796046,-0.3232403098190493,-0.4253135459597557,-0.1263357530751592,-0.46337295803005185,0.3591107798524509,0.3639849278044607,0.1250690682035902,0.5999899025744413,0.315113303137895,-0.056230267103205556,0.10000817124553674,0.22005678342678392,-0.4234280907321879,-0.11633137593373277,0.37237803472824726,-0.04588425994570278,0.022927933012450996,-0.20010936439690097,-0.204829126316608,-0.3431935710895049,0.43352390879478797,0.37204417828748326
8,1604.000004782175,-0.050559172795887175,-0.07103980297706158,0.4778336570723636,0.266683669595392,0.1724925088337903,-0.22394133151047013,0.4127424702263611,-0.12517760438807413,-0.13204442355026869,0.520308607713579,-0.14741123261824818,-0.18888258214413467,0.5595525643832224,-0.11858327312926775,0.0034308048919471368,0.492609033741394,0.12331536908449392,-0.20786453081125078,0.41463008836536597,-0.2027818835723152,0.5563412281537037,-0.4112648771146117,-0.17062390924736803,-0.26548667364446477,-0.16242089644427216,0.2416758414275928,-0.18612297704232628,0.35972841040948733,-0.05623719815930972,0.5507111494465198,-0.09140422722938357,0.1837359102226741,0.31647488747256025
9,1804.000005378456,0.047362357872178684,0.1427393830387098,0.365172324394353,0.3839175460117943,0.210278799764549,-0.24939455107427078,0.4542667610322737,-0.040723486329640846,-0.20839921567003117,0.5416539042209298,-0.00928416016114042,-0.00607774218457191,0.3786258501901161,0.3134321368099817,0.5179959035604029,0.6044038925436483,0.09924522460788676,0.20638282213723746,0.4922050904338251,0.044692021425085215,0.21691635745550464,0.1116763686427178,0.045921525086037196,-0.5067245056006635,-0.21326064652408583,-0.135268643403605,-0.2893570106743999,0.060867302683315305,-0.08140722855900462,-0.1680509970168056,-0.4471468262554317,0.28492633652963884,-0.05259399325634284
10,2004.0000059747372,0.17981150718714067,0.2248398423814626,0.5054607836521181,-0.12461331224563743,0.059285998712331534,0.28005191524565376,0.037775613497694316,-0.16217732723872658,-0.36744313879965507,0.5033730542511266,-0.0032405902987613366,-0.304468929696581,0.5614141039072598,0.11053545368139206,0.21392872845043032,-0.21887087985504206,-0.020902312541918988,0.26797933272217467,-0.34370810579068456,-0.2557684917370586,0.052526931555883394,-0.09450752430702059,0.2545644420404698,-0.4525782096108715,-0.08837243182316623,0.35823276572163687,-0.1188982370369902,0.325899203240148,-0.16361841551262923,-0.23815537879253945,-0.18138552599731916,0.1950320336410356,0.3128034977246177
11,2204.0000065710183,-0.048367887333751636,-0.000132694981680892,0.379968887170151,0.19149838634291383,0.3014133105292811,0.5222923093725442,0.3462434389491009,0.16697974371744984,-0.47546454138250827,0.3496310964595337,0.14508230534140854,-0.5601393017882177,0.3257131326625813,0.2703846792803466,0.23707395956974242,0.5920395435879056,0.07166845107677311,0.11244497010574905,0.34542569880220597,0.12224866304010185,-0.02505324989896085,0.35365010481239256,-0.10379612820047646,0.05663984974504599,0.08732824080305246,0.5155862541488316,-0.08596961175218532,-0.0337295150551582,-0.13710393804764243,-0.08986124121464067,-0.27280778839316655,0.10743103065183357,0.21669835420861627
12,2404.0000071672994,0.3592474224486417,0.16191076217393485,0.02843991095097742,0.6285840137236045,0.26736344083248387,0.42880710467828775,0.11697200501951466,-0.26683685224075115,-0.1172355853732463,0.5902697329103779,0.11689396733958857,-0.20068340473305568,-0.3789976377273958,0.27282585161234296,0.01189220298088367,0.24528132349277953,-0.08110220567180937,0.3106513163463469,0.10864666198082507,0.10539071225646968,0.070966095743346,-0.06782381193805653,-0.057836985471116265,0.4664568351283025,0.3756223135196626,0.37414657232407045,-0.00325613484809395,0.12687626299956367,-0.08268976269895978,-0.15206033994789125,-0.015543851358796434,0.15547184345098408,-0.013355156176999117
13,2604.0000077635805,-0.041793001011976916,0.27002680784592226,0.10834059856764222,0.1943421681991322,0.14115456792430647,0.3815172236067723,0.24554550614910742,-0.35548796485317724,-0.13787805048624024,0.2744103770135369,-0.05225451608144027,-0.3223999949624923,0.06909808673298468,0.17494112680864804,0.24364568277626786,0.5746765374029281,-0.07157854439707823,0.4309300480798619,0.05145422519358167,-0.21692763866675469,0.06542029487956036,-0.24803097610518776,0.003190509856860757,0.019110608529103956,0.13548869467611313,0.354048236418417,0.08371835119581927,0.049582834699668954,-0.37486576757793544,-0.12268308574814002,0.006166340914274926,0.22916853894640088,-0.2845863280225669
14,2804.000008359862,-0.30923862484092934,-0.13335885275021608,0.4061824114230985,-0.058924553301598515,-0.21107575819989144,0.3721472983356242,0.4157165484919818,-0.103210845550326,-0.48010360672047914,0.21784753751702723,0.04175235265363142,-0.1684804679784655,-0.2963990721860359,-0.07350990992937456,0.4036637698004881,0.06464683686641681,0.09813779730705452,-0.13252686037669337,0.0783318470233536,-0.05723545806891295,0.253907197996722,0.0643968812433009,0.3869108521749731,0.4186769986104899,0.0016529538563787582,0.41467500404042923,0.29056503025295255,-0.03885572069760368,-0.22301903551519775,-0.3011605164932032,-0.3604418072226174,-0.11127899081855341,0.3552957041033067
15,3004.000008956143,0.016151707775259094,0.2703833244896172,0.44690861287293915,-0.3915843141733393,-0.1446850499002772,0.4843980337500988,-0.05005539055972408,-0.20387539534409838,-0.43462470743819326,0.3861817734854287,0.11569837879022948,-0.6279087926660853,-0.41358412579388837,-0.15812890870431406,0.024967991607709905,0.6375284111174646,0.4132558941925475,0.10197364228510475,-0.3584727330719697,-0.12220451904453089,0.07269836195322998,0.10574920922548481,0.09923595178267508,0.538421404158361,0.4492192566779325,0.20606965733207394,0.27981690643596435,-0.21032997422522648,-0.1138658231966505,-0.3464132065474157,-0.2964560081713601,-0.042524415507361635,0.3990612346466338
16,3204.000009552424,-0.21181863487298935,-0.15208003203636267,0.28111146894886074,0.0009713138606866067,0.32957153879090484,0.4154929328375827,-0.28199634499578874,0.019171997447755107,0.03055900781818588,0.5496377909520969,0.055818308611645495,-0.32987677068167276,-0.04305091921717219,0.27109271145945346,0.026346185504714015,0.24366554220828673,-0.04323954396177099,0.0836695726374117,-0.212379917600944,-0.12015391253059615,0.3502812719333961,0.49719675763030624,0.1908388612608536,0.02655809714948365,-0.11248530737911144,0.027999400265120045,0.3869479037989678,0.5089392653598259,-0.06474722850071624,-0.15226073981939248,-0.20330873862076615,0.18014820780721674,0.46510302481828036
17,3404.0000101487053,0.1263271783852442,0.0037405981034352997,0.4020030173410212,0.13344945816913834,0.09560272452248775,0.563910705473921,0.6178924061834059,0.06875634166263334,0.03240825028947336,-0.3996725957583127,-0.20957660487310514,-0.36566146293390345,0.03401319187318519,0.16486896734387635,0.44314012908912437,0.540471224807344,0.3364295001987503,0.15688416467207134,0.47228680031829473,0.04354507379156125,0.5430011743076477,0.550173715794168,0.08801908922385326,0.6040791433945985,0.644789295757203,0.31974048464861626,0.07729545269463989,0.42707820645342576,0.3849133358454706,0.032224117818086206,-0.41714756820232735,0.4338011252872609,0.20801810734329962
18,3604.0000107449864,0.3926537776007213,0.24146143137314802,0.5161389605053337,0.5466502258966659,-0.11504117567579764,0.6649793768225485,-0.02200683742338949,-0.07454911502049555,-0.09215410987863182,0.34210618059578524,-0.028791176197380697,-0.2825617724942342,0.09505227082156864,-0.15095128681326297,0.08509174983401957,0.5598069904446827,0.10213522059227342,0.42610613084833604,0.2467872893190064,0.013982149309682779,0.09169183550189075,0.307336489315293,0.1678195615583884,0.12282458502510663,0.42949856203988324,0.2457303204023682,-0.009706835061470631,-0.2784223226652003,-0.19996297591369316,-0.2984552932462363,-0.40287195255845987,0.17552789844385375,0.11717756424104797
19,3804.0000113412675,-0.19220702246999055,0.06866292305595278,0.2726721738900513,0.45279917790655677,0.10413839693389404,0.7005425242379828,0.4250048860899498,0.12421411963722484,-0.208907726006903,0.09834281868447681,-0.13899956430975502,-0.4284293886283288,-0.289680562325481,0.14654846789675302,0.12103142890691121,0.29074828723238566,-0.06910047858506685,0.4947240055472313,-0.052090855497264776,0.1955294446060396,-0.2070838500907657,0.3493035859674283,0.3267353769383372,-0.06719349834704946,0.5376834542756832,0.08320042492248891,-0.06383085885645112,-0.3255648237860629,-0.3959760407168571,-0.2931013527664619,-0.4444304790022753,0.3098403784489028,0.5059834200206907
20,4004.0000119375486,-0.2218643810714256,0.03498410146978914,0.23347736257638685,-0.20624950469397652,-0.12347361653261535,0.5066077359735193,0.5124685680544543,0.03299482879727478,-0.3331911043529727,0.12586470430329832,0.0830151920307145,-0.49652793364684555,0.18768801015146108,0.23511692771696424,0.08573050790824599,0.4598258705382765,-0.006461916838060855,0.05237513948208905,-0.2747249468285675,-0.20844145060229113,0.36453164589035136,-0.022768875476838257,-0.11212320564774991,-0.3032706462051218,0.28145085182273855,0.4265410860501646,-0.020891737221575557,-0.12032137456786707,-0.3564928773203655,-0.17021727216305393,-0.07105431952595964,0.08591949722722036,0.36690097293546753
21,4204.00001253383,-0.5170405066753778,0.03597500360554662,-0.07308923842571868,-0.2552046121441487,-0.11903984671824297,0.4471411849468976,0.5051164113235171,0.020538321537811655,-0.40053009966728625,0.11570694928154657,-0.34093168822078823,-0.09794009188730524,0.3927172927651865,0.2511693745945949,0.43780581978407884,0.44142102143101125,0.33592922255094626,0.19037021008498378,-0.24371693234188907,-0.07032883603428974,0.15656798900911362,0.041652321741315834,-0.09037014275256272,0.12794615236940876,0.5039634823065247,0.04138862702390389,0.014380358854625186,-0.2619513934173603,-0.3127878096966068,-0.2294833233225093,-0.5419859202190533,-0.06647305476408016,0.006720233799774711
22,4404.000013130111,0.31794988903815424,0.23067633387889908,0.2685381075416,-0.38247373531235107,-0.10528617285056363,0.5823572355840314,0.3950710702671705,-0.12148910879569375,-0.191644218046783,0.703615365270335,0.1610390134027755,-0.44436098173314087,-0.5030844336857032,-0.07647036411618346,0.25072458346165627,0.5116949055264408,0.16198277783909942,0.5236160242359373,0.12000045141977633,-0.2598579014868674,0.334711985400471,0.3263996853026452,0.1480216052091703,-0.15610608187305752,0.10632548859027757,-0.008730638286337467,-0.24726577500526004,0.02922672303927687,-0.36586535660423136,-0.21239406015704976,-0.3235964088399088,0.04022913989647403,0.4000724056873439
23,4604.000013726392,-0.4119969372169301,-0.20433394040432562,0.4723357279403806,0.35569894319683293,0.2917382874194363,-0.2021691898911997,0.6343433380801682,-0.13724868090628028,-0.2873270209856047,0.7479910749558991,0.15697669595850572,-0.5100826154049392,0.15240168714499358,0.2926116650118815,0.059271245425465136,0.12406324699140425,-0.11901058496520944,0.5475868292891382,-0.17351867976148538,-0.2703905675305047,0.24949994530447706,-0.07957065495725768,-0.13430834681997128,0.26951742102325893,0.36108128411653206,0.016209345576916334,-0.2564024252836514,0.4488005605461911,0.3950187323551839,0.6172752985673355,-0.3675660399603671,0.3004859530651469,0.3258045253375905
24,4804.000014322673,-0.3104766736744491,-0.4314508016549179,0.3322420806883266,0.31750297804359295,0.014314478215910142,0.09649082843512158,0.6599951077893853,-0.20907635978702732,0.29297364022949113,0.09284638572918391,-0.1910876295507289,-0.17454242495034666,-0.1212782192133588,0.24951228958985538,-0.093368421791582,0.16990106593242205,-0.0708083767116432,0.5387216476676535,0.10351334903916598,0.25619730417172715,-0.17431588369233397,0.19470546911065423,0.2949700088561853,0.05658500680561218,0.4596713562763317,0.40129112363128217,0.39680706124244525,-0.04250433078769866,-0.36366611841416563,-0.26331787891528124,-0.17837376119174708,0.2890622568918806,-0.11771572769122729
25,5004.000014918955,-0.23479904068851587,0.2064869677622112,0.14730402386985952,0.5425671757699004,-0.16659305208190345,0.44790058475784233,0.6239210936501922,0.029961498982244983,-0.0518642548176631,0.5401287688633847,-0.05100632807906802,-0.3283503235559637,-0.13486169528809144,0.02634434789711637,0.46161796758315,0.200558950229639,0.1309690826460801,0.47959898896530406,0.22238202204758384,0.17466023117601548,0.3961194057286841,-0.23907824003389777,-0.08365575445478735,-0.04655959112063224,0.36768318282100143,0.26878267780313925,0.3066478177601879,0.19278470310877704,0.060664558943811286,-0.15365159264118677,-0.16233312655255494,0.3577952250032781,0.4762196762936206
26,5204.000015515236,-0.15122102823414574,0.08320141048093,0.23229507851062614,-0.1366642847771975,-0.11725807836503455,0.1234288643343624,0.6188320456919509,0.4162642765531923,-0.21189218917836827,-0.20890064045106227,-0.09451134797662375,-0.3532878286608092,0.002444895487848875,-0.32878848491642065,0.3272602278123866,0.39585047733043277,-0.09819980458231381,0.42901820152129133,-0.0013851725279026006,-0.20585810495284207,0.33949846287292296,0.4822018905741112,0.10900358742994509,0.13908388225548052,0.5892597014675518,0.05411311954859688,0.5493442032149316,0.13518331679660545,0.27931063578308146,-0.13304412437546498,-0.156361551443573,0.032027489526690545,0.49061782890883476
27,5404.000016111517,-0.1826360474840123,0.07411179259918432,-0.13922155557012417,0.5309677165147848,0.2579200430496482,0.18386394775471127,0.6052684386957541,-0.0655006468389212,0.18598283650022918,0.5557348102296782,-0.045760344668869024,-0.4586688793869049,-0.23474888478969902,0.2418078331754785,0.0813374292477973,0.4265523000289617,-0.036448551436194965,0.19519575245404797,0.3024583194453867,0.2897860462428339,-0.0969031396087714,-0.0320108451008605,0.001902916673909516,-0.09102445816805638,0.6121693692527912,0.24874523746120492,0.3998792420069708,0.667071044788297,0.26123353095410407,0.009615530493797042,0.0643231939672515,0.29245061120479665,0.20634890792321503
28,5604.000016707798,0.05680967525381808,0.049493613503373,0.14014428645982457,0.19765579034770075,-0.05803021205076053,0.057806170534384194,0.6505615320271794,-0.07436175744971996,-0.06566129857554381,0.6131697531002525,-0.07410627385301582,-0.4947883453379074,-0.0610639431945299,0.17308822368726196,-0.00903714889357543,0.6178973552379308,-0.13861198208332315,0.5904840764870576,0.4330523907364143,0.03139650118493709,-0.1056989481575652,0.40218275168712037,0.015285010156945944,0.18953150176213507,-0.08960774428377904,0.041260504574647694,0.5732118663744981,0.5651530458326421,0.4081250894461923,-0.08427096071728624,-0.11516473400246019,0.29558448211325317,0.3711174103404411
29,5804.000017304079,-0.38270385265464846,0.08727486473949542,0.06881450926897692,0.6216140190269841,0.1507444430941054,-0.051689726797744306,0.538598027869134,0.175022769877327,-0.36704688228032456,0.2640985766766262,-0.06714302279778339,-0.14965428997528107,-0.3380603691630779,-0.09030127354936157,0.017531853782951856,0.22228577614997036,0.03607477325624853,0.05891507320398137,-0.19599565566987076,-0.15809599407105113,0.21788745268036935,0.07825147509558494,0.19763042367629335,-0.0373413378393348,0.4512355510295176,0.3389675975357922,0.5573893462804214,0.11491816415688438,-0.22073411792414044,0.013955649338280196,-0.14418709867162027,-0.10276952556342023,0.3550839458384849
30,6004.00001790036,-0.28105915671127857,0.09095947201777266,-0.027990478509400507,-0.10752759837417125,-0.046692978084975856,-0.06935801820342835,0.5557822574785649,0.2562779194826552,0.15088072780587192,0.27222953548647766,-0.04523581912612418,-0.36035494419787595,-0.2889511920412833,0.18433786787743855,-0.1530976380258675,0.517882192525208,0.12319832769802863,0.17667611153902607,0.2899023734149644,0.10398999429237676,-0.1933846538336086,0.3932480418589699,0.3861013401797142,-0.10732287262896945,0.4977096572508577,0.21843454699002596,0.47613800066687695,-0.036843733354376074,-0.1347723410420909,0.07349477184164366,0.22952102712807454,0.3366454040350937,-0.29968930894256074
31,6204.000018496641,-0.3379878333923929,0.06008560585851619,-0.2231792879382395,0.24130886419962927,0.04361407113778526,0.055120989500176076,0.09919199658860745,-0.2547498467986844,-0.4593233008055764,0.09368950492259076,-0.01715462838132087,-0.4271630020410617,0.35664766563906847,0.1423776568092845,0.4988953547272752,0.4082767227046604,0.1822360036958801,0.3742232085824986,0.4785261540850496,0.12322902418317083,0.2620507411365067,0.46354775131645454,0.20627237707735402,0.29466789828915285,0.2660748938189257,0.32401752708458265,0.44702028473389444,-0.03329726563196944,-0.26378754344884814,-0.13953509484650084,-0.3104052637566048,0.17053236663075788,0.23379189023383384
32,6404.000019092922,-0.3197943310761153,0.040792120294800505,0.019494637957981897,0.15535041260032,-0.039278035816221024,-0.10937088135381723,-0.10196904009064811,-0.28521508069462276,-0.2480735936970131,-0.027982910851668485,-0.08932345141412279,-0.1879421489861688,0.05217212991137554,0.3371767009739317,0.39188003971204743,0.48577565491731933,0.3003789545529436,0.48936687895004605,0.37136456469244106,0.21298883217547537,0.05587521133575857,0.33203271598539885,0.07553238047929511,0.3893228345338047,0.5684075890808828,0.43677844324424475,-0.06163548124436957,0.7008723196179316,0.2266773702608944,-0.3573679864914103,-0.4862314938303305,0.17230969002713392,0.1969811403620838
33,6604.000019689204,-0.34922258902904657,0.1401716544731264,-0.3454727380016367,0.24478205112742701,-0.06242707675132708,0.18978385699597178,-0.10371072084063204,-0.011594024050146867,-0.5066689956406525,0.08639117741383284,0.000945164137396759,-0.27958450045445327,-0.031938303117146294,0.20923548270739278,0.11752563818668271,0.5545508675129716,0.0813489201857216,0.49001869009086674,-0.07663481919071424,-0.1735283699927117,0.3833512423709484,0.21371132004742588,-0.10644829032233938,0.390229274122913,0.6141250969924918,0.27367410386924096,0.649737108981153,0.3821241478565094,-0.17086402686800062,-0.1100237005046858,-0.3990948056946322,0.3400662817421054,0.42728174984996903
34,6804.000020285485,0.2414253935665056,0.33480357761324475,0.09263147865024601,0.3433522389874555,-0.06797471555955337,0.05693181329213237,0.6059025001491292,-0.07608889482844505,-0.48813194766439594,0.5189549652066265,-0.22902356308334726,-0.05833675696049889,0.43139102542067365,-0.22218698294344286,0.6779287510239271,0.6394798718332155,-0.01128085677720092,0.5864609792048756,0.07095664789347689,-0.07155975834720785,0.12312144460815544,0.6146303505055983,0.36336621432084026,0.18595559260639583,0.24017502049823047,0.38301469871098615,0.37996981894094795,0.4596206195215631,0.21581359923108012,-0.5482518411439747,-0.40730327412639333,0.2102857196437773,0.4510953546080061
35,7004.000020881766,0.03947521961227096,0.2806243874456045,-0.06021999719681714,0.41684041591706267,0.3376497172585706,-0.17141983748182588,0.3213552303123235,-0.3830307560760371,0.09128651863459813,0.30337980158952105,-0.17722742811239156,-0.2638483392317976,0.3885128349857805,0.21580037381049166,0.07982670875850406,0.6290844691395883,0.0672118012936429,0.26685513054102517,0.16777955029243685,0.030567097385401976,0.14385893319585374,-0.06379673420984533,-0.09790347694281687,0.2189322918254426,0.0667067153229346,0.2679499101890128,0.3538439549200345,0.49689345123644957,-0.07245616971855329,-0.5626748147791591,-0.23365245541177293,0.31585360938015317,0.47554961011424135
36,7204.0000214780475,-0.05807794815196132,0.027858076345678384,-0.03517364522113864,0.3225738336586712,-0.061534305486318885,-0.05556829794314844,0.5679010999532355,-0.22702620399482942,-0.11389948328916732,0.04493094939146047,-0.18605335267806522,-0.3747940902092324,0.5968919440204767,0.21451443626437383,0.18878042665289474,0.5766255756053704,0.2862083328845455,0.435372325189634,0.4057886176049559,-0.03896709656512343,0.3541656628393617,0.48403107505811516,0.2834113457533629,0.09587897348351238,0.22928322275897406,0.3165096412757542,0.32318605143555645,0.19788488215555233,-0.273286285044974,-0.4059012772189785,-0.34179576954018476,0.005266208120942473,0.27542246439938944
37,7404.000022074329,0.2647307084488779,0.07396132091336405,0.25135645723710365,0.6395417705758746,-0.0747762392045237,0.04257625947424204,0.09879732045904976,-0.20039989674008174,-0.39023747048712765,0.39568894306614366,-0.05341987889229216,-0.40806071630228247,-0.18410193855739987,0.1936831230775251,-0.014218246907544252,0.6223855373370442,0.1891157042373357,0.33773446708898414,-0.0035867640711271243,-0.19862197708681384,0.33455943972486324,0.09914105934090012,-0.21200365132703958,0.44577497416239753,0.40893783925157834,0.4301052996938921,0.1320424508560336,0.15084689049067412,-0.0684025716022787,-0.5857495752510253,-0.3704158773865389,0.01765512712619799,0.37526969142145505
38,7604.00002267061,0.23378862003179934,0.2828251414621503,-0.16586208756633658,0.5805795083565144,-0.0524531293553796,0.00591543148321616,0.45169647854687556,-0.04845230710791171,-0.13488926589346528,0.18937084497299272,-0.05602299858358073,-0.2587452748140362,0.28506059049160326,0.39846758472275257,0.14507171454903212,0.6576962592348234,0.11978830838105559,0.6557891254145822,0.38798637409553827,0.1409740765706382,0.2757062929868468,0.29966048263655054,0.15776428141973353,0.21037393779122748,0.5617224238836482,0.37052902132905485,0.43941964794589605,0.30664845082161385,-0.22406834726006863,-0.5613313613098763,0.2397191314274072,0.38900486707932913,0.6221879323288575
39,7804.000023266891,0.26731916063856076,-0.015123824966538635,-0.07887790005769801,0.27219063811807187,-0.14191478437508964,-0.013693353584353307,0.3604141511872858,-0.4188840095582429,-0.049085842435935056,0.49463567892333105,0.009710690297541014,-0.4903023842487868,-0.11048886920683865,0.10843175863852084,0.1781390234630158,-0.0999600123860005,0.11513376675223563,0.036348038923382564,0.4581746337331287,0.0309926341723461,0.1542553501494779,0.1859160039823049,0.02124680049498684,0.4902073309655819,0.4081512303301227,0.4149620571034105,0.6185924563588237,0.42795130325627584,-0.0007223302552712418,-0.44559887025190803,-0.17607901239828738,0.4531473068444076,0.06125969789872476
40,8004.000023863172,-0.33330728503999607,0.0038678956054072344,0.09136650183011019,0.5614725034306085,-0.28132645169053627,0.24663422498089016,0.002155630865802838,-0.1730525401378884,-0.11274127717941207,0.33857479902296594,-0.13727888846590108,-0.19397158725738617,-0.19124062307097933,-0.003638680983268028,0.2134462599267275,0.6063430237041278,0.189440170426173,0.48985435098462116,0.38943137608746525,0.08455103476187364,0.3138801566084535,0.5854709701372234,0.3120784302375941,0.39997649083869247,0.42222588170665265,0.37050247998574104,0.2418289942937326,0.24003750170213944,-0.07404497764312712,-0.3774197473159784,-0.2621967892174393,0.10384631847932191,0.5275090933379927
41,8204.000024459454,-0.38930102734172234,0.0461924445920312,-0.10056426133337881,0.11299420537395166,0.2036654347689284,-0.17231794777801568,0.24203480870332417,-0.1715661152357426,-0.1912926101835697,0.33864553601241676,-0.4636782108779971,-0.06969565298959557,0.17805979897512936,0.04270526884117709,0.5313495246796212,0.6347909210608011,0.0440485058253568,0.622078320805227,0.5594977133685646,0.20908577528395167,0.3806474250257055,0.27271401218637426,0.3385777057143584,-0.0894725977086992,0.6405402919351455,0.3357339355042299,0.5530658867887053,0.3791717014578406,-0.354896046183488,-0.19817325710166855,-0.41503915912672884,-0.09164003276401189,-0.06826683206289585
42,8404.000025055735,-0.20683865884447972,0.18407429882978832,0.11993883100847347,0.06339806929447356,-0.11126967428106838,0.09054841093261201,0.010321104920946844,-0.4701579042539108,0.1874301219474166,0.1995571911579832,-0.4451466838383493,0.3649372909923332,0.21096573509233174,0.18629514603256458,0.021236474273007566,0.598624039819013,0.0292537257237111,0.29492519091535074,0.451785083551139,-0.13804469888581705,0.7325946508708547,0.3450822485174103,0.08721806101438112,-0.0959230851371431,0.3638703381351114,0.44268641985396684,0.4683608557210377,0.3551069366865578,0.04980321470187343,-0.5112001043939889,-0.3215269955794633,-0.20255885999435996,-0.12178650084364229
43,8604.000025652016,-0.22834763834218785,0.24228838913862694,-0.10575866902029363,-0.02239071708964202,-0.12241290575977182,-0.07748746548966867,0.37343762945403425,-0.12592573285280917,-0.36944272777267306,-0.0033770719877290745,-0.28124349124463754,0.13808651210545486,-0.26218601298339594,0.3318640296151547,-0.14881505057193412,0.5069530652721896,0.17573367448197308,0.6007799486421042,0.5559715281802986,0.1968973379372687,0.4686418707856417,0.13319732517118155,0.1062216490007688,0.0562804557152945,0.6306587223932367,0.311126688682934,0.5839010709964145,0.5154065557251708,-0.2091843722061002,-0.3131781429768945,-0.07692685121341603,0.130114883361649,0.13499195738213166
44,8804.000026248297,-0.19262005805534788,0.16191071984669625,-0.17445046805670117,0.48518619080504033,0.09820328414865953,-0.053273551490854665,-0.3149817421876189,0.022553852004878916,-0.6115430765522372,0.22409996117871778,-0.10772830173022774,-0.16429344280253977,-0.07503317302838308,0.1590028234240548,0.11321649273863654,0.2998763032125962,0.29376315488883664,0.2910144656483884,0.32202766483685474,0.14532502863826124,-0.09205426700418773,-0.26966725692684523,0.1285297572036055,-0.3106451723326722,0.6107205343491038,0.31086881960241275,0.5185687089547235,0.503378968826302,-0.10782511712922416,-0.3657605660734924,-0.16402167794532385,-0.011088954868131662,0.02290192968937932
45,9004.000026844578,-0.10942151348712281,0.07570158242120195,0.1322730437576891,0.24639999107287203,-0.17492414995974048,0.3695249790431312,0.10408106382195514,-0.22813889209494498,-0.04817669766383048,0.17856777816230762,-0.00809803785244867,0.0061161526075097505,-0.011960030222535334,0.2528432021766993,0.30370910884768243,0.6362556865423494,0.2807134688141599,0.10289231714571878,0.31925025746852853,0.1501743317327926,0.2869348511263694,0.28530006307959077,0.37833875153815555,-0.3285605547601431,0.2574146111246951,0.31313098120087046,-0.01059083749504186,0.35482890862146377,-0.2874062933348831,-0.23133172078430508,0.0440443870785856,0.036163870975200574,0.18838797399567309
46,9204.00002744086,-0.31617918119864896,0.0020719881760591363,0.02257016551373514,0.44075811198052595,0.29670580516449174,-0.1607776471346236,-0.029133735519963455,-0.035969684011079917,-0.5525990794016153,0.5737289105833536,-0.17550576149596298,-0.0033773752270218615,0.2531838109238871,0.354265055644011,0.4947067493323267,0.3993956175590947,-0.012007335111003492,0.4889016593856703,0.44833091803996394,0.17995751590643572,0.1914998260213756,0.02174756826872981,0.2566595586843827,-0.06172215846310358,0.411168290566013,0.33916303941619574,0.42081126466322827,0.4233140777397817,0.03422348674933762,0.05348073119848751,-0.11203747779068163,-0.09844651559325168,0.5054071177402597
47,9404.00002803714,-0.33301616857605243,-0.05922129586384273,0.2967859245942446,0.6171545415228263,-0.026601314821310673,0.64032986167416,0.36601666673483146,0.07465910274887877,-0.19080116044934137,-0.19591280533522148,-0.14283385975617469,0.07494570621630103,0.5394559492655393,-0.0671766142706609,0.3266189514434328,0.6724335288964922,-0.03379653581441833,0.31260001272301574,0.4727860132029593,0.02160416047789715,0.3273280833967207,0.23912105893939684,-0.01527989417657638,0.018144667748700716,0.5713277967048098,0.1404386116567462,0.3320379959452766,0.5357684452841371,-0.026773670146174045,-0.29330959490132535,-0.30910829232242953,0.1983289615384214,-0.13219990858880148
48,9604.000028633422,-0.2875637361223644,-0.08072851842932716,0.13376836026436978,0.12027548483633987,0.3881393028101412,-0.0004164050937096597,0.6508486602509067,0.04357260163186494,-0.21930574833258865,0.41002440436569687,0.07291162355008884,-0.22397906474154317,0.2813005191569946,0.11833383381217732,0.18890846154474694,0.6482423775783941,-0.03582687026243958,0.5045936788779084,0.6389099839508869,0.3418168870387479,0.29144171466398916,0.5831286357532379,0.20809873758003494,0.255252864232133,0.3622476253732603,0.26514297475637116,0.43534279235636264,0.4012777349086871,-0.13367648697161094,-0.2817139287021324,-0.05935206169512108,0.13861713596230008,-0.27712226398546225
49,9804.000029229703,-0.3959468502031811,0.3233480221253031,-0.11596340886732781,0.5930874426984389,0.43095183198084497,0.24858101816752587,0.6063250901832582,-0.023810846126052,-0.27446275141838106,0.23167525949074186,-0.018834049360961114,-0.2033778533654642,0.41316844431020394,0.2162289226516183,0.29117035442713446,0.2925469803515317,0.20420626418498866,0.22334183427125476,0.39476216829728017,0.33225257640046246,0.3310164761979566,0.00269917961835775,0.36314559146800507,-0.16290558339491312,0.3711053497018133,0.36868003718199116,0.01507374560164143,-0.3196601491326776,-0.2218600663510486,-0.0021789256464295192,0.28208808487134807,0.0950708953946271,0.281723919819338
